quizzes,solutions
4.30021E+78,8.64371E+80
